DROP TABLE IF EXISTS t;
CREATE TABLE t (c1 int, c2 integer, c3 int, c4 int, primary key(c1));
INSERT INTO t (c1, c2, c3) VALUES(11, 22, 33);
SELECT * FROM t;
c1	c2	c3	c4
11	22	33	NULL
c1	c2	c3	c4
11	22	33	NULL
SELECT c1, c2, c4 FROM t;
c1	c2	c4
11	22	NULL
INSERT INTO t (c1) VALUES(11);
Error 1062: Duplicate entry '11' for key 'PRIMARY'
INSERT INTO t (c1) VALUES(111);
SET @a = 1;
DROP TABLE IF EXISTS t;
CREATE TABLE t (c1 int PRIMARY KEY, c2 int, c3 double, c4 double precision);
INSERT INTO t (c1, c2, c3) VALUES(11, 22, 33);
SELECT * FROM t;
c1	c2	c3	c4
11	22	33	NULL
c1	c2	c3	c4
11	22	33	NULL
SELECT c1, c2, c4 FROM t;
c1	c2	c4
11	22	NULL
INSERT INTO t (c1) VALUES(11);
Error 1062: Duplicate entry '11' for key 'PRIMARY'
INSERT INTO t (c1) VALUES(111);
SET @a = 1;
DROP TABLE IF EXISTS t;
CREATE TABLE t (c1 int PRIMARY KEY, c2 int, c3 int, c4 TEXT) DEFAULT CHARSET utf8;
DROP TABLE IF EXISTS t;
CREATE TABLE t (c1 int PRIMARY KEY, c2 int, c3 int, c4 TEXT) CHARSET utf8;
DROP TABLE IF EXISTS t;
CREATE TABLE t (c1 int PRIMARY KEY, c2 int, c3 int, c4 TEXT) DEFAULT CHARSET=utf8;
drop table if exists warehouse;
create table warehouse (tax decimal(4,2));
drop table if exists warehouse;
create table warehouse (
w_idtiny tinyint not null,
w_idmedium mediumint not null,
w_id int not null,
w_idsmall smallint not null,
w_idbig bigint not null,
w_name varchar(10),
w_street_1 varchar(20),
w_street_2 varchar(20),
w_city varchar(20),
w_zip char(9),
w_zip_bin binary(9));
DROP TABLE IF EXISTS t;
CREATE TABLE t (c int not null);
INSERT INTO t values (NULL);
Error 1048: Column c can't be null.
SELECT * from t;
c
DROP TABLE IF EXISTS t;
CREATE TABLE t (c int null);
INSERT INTO t values (NULL);
SELECT * from t;
c
NULL
DROP TABLE IF EXISTS t;
DROP TABLE IF EXISTS t1;
CREATE TABLE t (c TEXT) default CHARACTER SET utf8, default COLLATE utf8_general_ci;
CREATE TABLE t1 (c TEXT) CHARACTER SET = utf8, COLLATE = utf8_general_ci, AUTO_INCREMENT = 11;
DROP TABLE t;
CREATE TABLE t (a varchar(100), fulltext key idx_a (a(10)));
