DROP TABLE IF EXISTS t;
CREATE TABLE t (
c1 DECIMAL(10,2)
);
SET sql_mode = '';
INSERT INTO t VALUES ('456.789');
INSERT INTO t VALUES (123.456);
INSERT INTO t VALUES (-100);
SELECT * FROM t WHERE c1 < -1;
c1
-100.00
SELECT * FROM t WHERE c1 = 123.46;
c1
123.46
SELECT * FROM t WHERE c1 >= 200;
c1
456.79
SELECT * FROM t WHERE c1 != -100;
c1
456.79
123.46
SELECT * FROM t WHERE c1 = '-100';
c1
-100.00
SELECT max(c1) FROM t;
max(c1)
456.79
DROP TABLE IF EXISTS t;
