drop table if exists t1,t2,t3,t11,t12;
CREATE TABLE t1 (a tinyint(3), b tinyint(5));
INSERT INTO t1 VALUES (1,1);
INSERT LOW_PRIORITY INTO t1 VALUES (1,2);
INSERT INTO t1 VALUES (1,3);
DELETE from t1 where a=1 limit 1;
DELETE LOW_PRIORITY from t1 where a=1;
INSERT INTO t1 VALUES (1,1);
DELETE from t1;
INSERT INTO t1 VALUES (1,2);
DELETE from t1;
INSERT INTO t1 VALUES (1,2);
SET AUTOCOMMIT=0;
DELETE from t1;
SET AUTOCOMMIT=1;
drop table t1;
create table t1 (
a bigint not null,
b bigint not null default 0,
c bigint not null default 0,
d bigint not null default 0,
e bigint not null default 0,
f bigint not null default 0,
g bigint not null default 0,
h bigint not null default 0,
i bigint not null default 0,
j bigint not null default 0,
primary key (a,b,c,d,e,f,g,h,i,j));
insert into t1 (a) values (2),(4),(6),(8),(10),(12),(14),(16),(18),(20),(22),(24),(26),(23);
delete from t1 where a=26;
drop table t1;
create table t1 (
a bigint not null,
b bigint not null default 0,
c bigint not null default 0,
d bigint not null default 0,
e bigint not null default 0,
f bigint not null default 0,
g bigint not null default 0,
h bigint not null default 0,
i bigint not null default 0,
j bigint not null default 0,
primary key (a,b,c,d,e,f,g,h,i,j));
insert into t1 (a) values (2),(4),(6),(8),(10),(12),(14),(16),(18),(20),(22),(24),(26),(23),(27);
delete from t1 where a=27;
drop table t1;
CREATE TABLE `t1` (
`i` int(10) NOT NULL default '0',
`i2` int(10) NOT NULL default '0',
PRIMARY KEY  (`i`)
);
DELETE FROM t1 USING t1 WHERE post='1';
Error 1105: unknown column post
drop table t1;
drop table if exists t1,t2,t3;
CREATE TABLE t1 (id int, data int);
insert into t1 values (11, 121), (12, 122), (13, 123);
CREATE TABLE t2 (id int, data int);
insert into t2 values (11, 221), (22, 222), (23, 223);
CREATE TABLE t3 (id int, data int);
insert into t3 values (11, 321), (22, 322), (23, 323);
SELECT * FROM t1 INNER JOIN t2 INNER JOIN t3 WHERE t1.id=t2.id AND t2.id=t3.id;
id	data	id	data	id	data
11	121	11	221	11	321
DELETE t1, t2 FROM t1 INNER JOIN t2 INNER JOIN t3 WHERE t1.id=t2.id AND t2.id=t3.id;
select * from t1;
id	data
12	122
13	123
select * from t2;
id	data
22	222
23	223
select * from t3;
id	data
11	321
22	322
23	323
drop table if exists t1,t2,t3;
CREATE TABLE t1 (id int, data int);
insert into t1 values (11, 121), (12, 122), (13, 123);
CREATE TABLE t2 (id int, data int);
insert into t2 values (11, 221), (22, 222), (23, 223);
CREATE TABLE t3 (id int, data int);
insert into t3 values (11, 321), (22, 322), (23, 323);
DELETE t1, t2, t3 FROM t1 INNER JOIN t2 INNER JOIN t3 WHERE t1.id=t2.id AND t2.id=t3.id;
select * from t1;
id	data
12	122
13	123
select * from t2;
id	data
22	222
23	223
select * from t3;
id	data
22	322
23	323
drop table t1,t2,t3;
drop table if exists t1,t2,t3;
CREATE TABLE t1 (id int, data int);
insert into t1 values (11, 121), (12, 122), (13, 123);
CREATE TABLE t2 (id int, data int);
insert into t2 values (11, 221), (22, 222), (23, 223);
CREATE TABLE t3 (id int, data int);
insert into t3 values (11, 321), (22, 322), (23, 323);
DELETE a, b FROM t1 as a INNER JOIN t2 as b INNER JOIN t3 WHERE a.id=b.id AND b.id=t3.id;
select * from t1;
id	data
12	122
13	123
select * from t2;
id	data
22	222
23	223
select * from t3;
id	data
11	321
22	322
23	323
drop table t1,t2,t3;
