drop table if exists t;
create table t (c1 int, c2 int);
insert into t SET c1=1, c2=1;
insert into t SET c1=2, c2=2;
select * from t;
c1	c2
1	1
2	2
select *, c1, c2 from t;
c1	c2	c1	c2
1	1	1	1
2	2	2	2
select *, * from t;
Error 1064: Wildcard fields without any table name appears in wrong place
select t.* from t;
c1	c2
1	1
2	2
select t.*, c2, c1 from t;
c1	c2	c2	c1
1	1	1	1
2	2	2	2
select t.*, t.* from t;
c1	c2	c1	c2
1	1	1	1
2	2	2	2
select t.c1 as d1, t.c2 as d2 from t;
d1	d2
1	1
2	2
select t.c1 c1, t.c2 c2 from t;
c1	c2
1	1
2	2
select t.c1, t.c2 from t;
c1	c2
1	1
2	2
select a.c1, a.c2 from t a;
c1	c2
1	1
2	2
SELECT 10, * FROM t;
Error 1064: Wildcard fields without any table name appears in wrong place
SELECT 10, t.* FROM t;
10	c1	c2
10	1	1
10	2	2
SELECT 10, a.* FROM t a;
10	c1	c2
10	1	1
10	2	2
drop table if exists t1;
drop table if exists t2;
create table t1(c1 int, c2 int);
create table t2 (d1 int, d2 int);
insert into t1 SET c1=1, c2=1;
insert into t2 SET d1=2, d2=2;
select * from t1, t2;
c1	c2	d1	d2
1	1	2	2
select * from t1 a, t2;
c1	c2	d1	d2
1	1	2	2
select * from t1 a, t2 b ;
c1	c2	d1	d2
1	1	2	2
select * from t1 as a, t2 as b;
c1	c2	d1	d2
1	1	2	2
select t1.c1 from t1 as a, t2 as b;
Error 1105: unknown column c1
select a.c1, a.* from t1 as a, t2 as b;
c1	c1	c2
1	1	1
select t1.c1, t1.c2, t2.d1, t2.d2 from t1, t2;
c1	c2	d1	d2
1	1	2	2
select * from (select * from t1, t2) a;
c1	c2	d1	d2
1	1	2	2
select * from (select * from t1, t2) a;
c1	c2	d1	d2
1	1	2	2
select a.* from (select * from t1) a;
c1	c2
1	1
select a.* from (select * from t1, t2) a;
c1	c2	d1	d2
1	1	2	2
select * from t1 where c1 > 0;
c1	c2
1	1
select * from t1 where t1.c1 > 0;
c1	c2
1	1
select * from t1 a where a.c1 > 0;
c1	c2
1	1
select c1 from t, t1;
Error 1105: column c1 is ambiguous.
select c1 from t a, t1 b;
Error 1105: column c1 is ambiguous.
select t.c1 from t a, t1 b;
Error 1105: unknown column c1
select a.c1 from t a, t1 b;
c1
1
2
insert into t1 SET c1=3, c2=3;
select c1, d1 from t1, t2 where d1=2;
c1	d1
1	2
3	2
select t1.*, d1 from t1 left join t2 on t1.c1 = t2.d1 where d2 = 2;
c1	c2	d1
select t1.*, d1 from t1 right join t2 on t1.c1 = t2.d1 where d2 = 2;
c1	c2	d1
NULL	NULL	2
select t1.*, d1 from t1 join t2 on t1.c1 = t2.d1 where d2 = 2;
c1	c2	d1
select c1 from t group by c2;
c1
1
2
select c1 as a from t where c2=2 ORDER BY a;
a
2
select c1 from t where t.c2 = 2 order by c1;
c1
2
select * from t, t1 where t.c1 = t1.c1;
c1	c2	c1	c2
1	1	1	1
select * from t left join t1 on t.c1 = t1.c1 where t.c1 = t1.c1;
c1	c2	c1	c2
1	1	1	1
select * from t right join t1 on t.c1 = t1.c1 where t.c1 = t1.c1;
c1	c2	c1	c2
1	1	1	1
select * from t join t1 on t.c1 = t1.c1 where t.c1 = t1.c1;
c1	c2	c1	c2
1	1	1	1
select * from t group by c2;
c1	c2
1	1
2	2
select c1 from t group by c2;
c1
1
2
